Sr,Job Title,Company Name,Experience,Salary,Location,Education,Department,Industry IT,Key Skills,Job Url
1,Uregently looking For Opertion and Maintenence engineer wind turbines,Wind World (India) Limited,0 to 5 Yrs,Not Available,Other Karnataka,Graduation,General / Other Software,Power / Energy,"maintenance,Airframe,Line Maintenance,Fault Finding,Aircraft Systems,B1",https://www.shine.com/jobs/uregently-looking-for-opertion-and-maintenence-engineer-wind-turbines-permanent/wind-world-india-limited/11821663/
2,Lead Engineer - After Sales Siting (WRA),Vestas,5 to 8 Yrs,Not Available,Chennai,Graduation,General / Other Software,Manufacturing,"java,c,customer relations,linux,automation,wind resource assessment",https://www.shine.com/jobs/lead-engineer-after-sales-siting-wra-permanent/vestas/11818209/
3,HR / IR Head,Wind World (India) Limited,7 to 12 Yrs,Rs 4.0  - 9 Lakh/Yr,Jaisalmer,Graduation,General / Other Software,Power / Energy,"labour,contractor management,statutory,icam,safety culture,statutory compliances",https://www.shine.com/jobs/hr-ir-head-permanent/wind-world-india-limited/11831191/
4,Engineer - WRA,Vestas,4 to 6 Yrs,Not Available,Chennai,Graduation,General / Other Software,Manufacturing,"wind turbine design,equal employment opportunity,interactive creative direction,continuous improvement facilitation,power plant,wind energy",https://www.shine.com/jobs/engineer-wra-permanent/vestas/11810968/
5,Engineer,Vestas,4 to 6 Yrs,Not Available,Chennai,Graduation,General / Other Software,Manufacturing,"wind turbine design,equal employment opportunity,interactive creative direction,continuous improvement facilitation,power plant,wind energy",https://www.shine.com/jobs/engineer-permanent/vestas/11810962/
6,Trainee Engineer - Software Tools Development,Vestas,20 to 24 Yrs,Not Available,Chennai,Graduation,General / Other Software,Manufacturing,"inspection,safety,quality,troubleshooting,documentation,wind turbine design",https://www.shine.com/jobs/trainee-engineer-software-tools-development-permanent/vestas/11810972/
7,Bid Manager - Offshore,Vestas,10 to 15 Yrs,Not Available,Mumbai City,Graduation,General / Other Software,Manufacturing,"social media,proposal writing,wind turbines,rfp,sales,offshore wind",https://www.shine.com/jobs/bid-manager-offshore-permanent/vestas/11818214/
8,PR CREATOR,Vestas,2 to 5 Yrs,Not Available,Chennai,Graduation,General / Other Software,Manufacturing,"interactive creative direction,continuous improvement facilitation,six sigma,data entry,sap skills,wind energy",https://www.shine.com/jobs/pr-creator-permanent/vestas/11818210/
9,Assistant Lead Engineer - FEA,Vestas,5 to 7 Yrs,Not Available,Chennai,Graduation,General / Other Software,Manufacturing,"optimization,actuators,agile,alarm system,bom,interactive creative direction",https://www.shine.com/jobs/assistant-lead-engineer-fea-permanent/vestas/11818204/
10,Lead Engineer,Vestas,7 to 12 Yrs,Not Available,Chennai,Graduation,General / Other Software,Manufacturing,"java,c,customer relations,linux,automation,interactive creative direction",https://www.shine.com/jobs/lead-engineer-permanent/vestas/11818200/
11,Service Technician - Karnataka,Vestas,4 to 8 Yrs,Not Available,Other Karnataka,Graduation,General / Other Software,Manufacturing,"social media,troubleshooting,wind turbines,wind energy,continuous improvement facilitation,guest house",https://www.shine.com/jobs/service-technician-karnataka-permanent/vestas/11818207/
12,Engineer-Wind Resource Assessment,Vestas,2 to 6 Yrs,Not Available,Chennai,Graduation,General / Other Software,Manufacturing,"wind turbine design,power plant,social media,sales process,layout design,wind turbines",https://www.shine.com/jobs/engineer-wind-resource-assessment-permanent/vestas/11778780/
13,Assistant Lead Engineer - Tools support,Vestas,3 to 4 Yrs,Not Available,Chennai,Graduation,General / Other Software,Manufacturing,"optimization,actuators,agile,alarm system,bom,train new employees",https://www.shine.com/jobs/assistant-lead-engineer-tools-support-permanent/vestas/11810961/
14,Condition Monitoring Asst. Lead Engineer,Vestas,3 to 5 Yrs,Not Available,Chennai,Graduation,General / Other Software,Manufacturing,"java,c,customer relations,linux,automation,interactive creative direction",https://www.shine.com/jobs/condition-monitoring-asst-lead-engineer-permanent/vestas/11810967/
15,Lead Professional,Vestas,5 to 7 Yrs,Not Available,Chennai,Graduation,General / Other Software,Manufacturing,"six sigma black belt,interactive creative direction,continuous improvement facilitation,six sigma,black belt,data mining",https://www.shine.com/jobs/lead-professional-permanent/vestas/11810957/
16,Assistant Lead Engineer - Blades Manufacturing,Vestas,2 to 5 Yrs,Not Available,Chennai,Graduation,General / Other Software,Manufacturing,"optimization,actuators,agile,alarm system,bom,line of sight",https://www.shine.com/jobs/assistant-lead-engineer-blades-manufacturing-permanent/vestas/11810973/
17,Assistant Lead Engineer - Scrum Master,Vestas,5 to 7 Yrs,Not Available,Chennai,Graduation,General / Other Software,Manufacturing,"optimization,actuators,agile,alarm system,bom,finite element analysis",https://www.shine.com/jobs/assistant-lead-engineer-scrum-master-permanent/vestas/11810960/
18,rotor performance engineer,Randstad,3 to 4 Yrs,Not Available,Bangalore,Graduation,General / Other Software,Recruitment Services,"performance testing,load runner,load testing,test scripts,wind energy,machine learning",https://www.shine.com/jobs/rotor-performance-engineer-permanent/randstad/11825233/
19,Lead Engineer,Vestas,8 to > 25 Yrs,Not Available,Chennai,Graduation,General / Other Software,Manufacturing,"java,c,customer relations,linux,automation,interactive creative direction",https://www.shine.com/jobs/lead-engineer-permanent/vestas/11799706/
20,Mechanical Design Engineer,Sai Placement,8 to 13 Yrs,Not Available,Chennai,Graduation,Maintenance,Recruitment Services,"drawing,autocad,drafting,modeling,cad,3d modeling",https://www.shine.com/jobs/mechanical-design-engineer-permanent/sai-placement/11820057/
21,Lead Sales Engineers,Vestas,7 to 10 Yrs,Not Available,Mumbai City,Graduation,General / Other Software,Manufacturing,"marketing,business development,negotiation,customer relations,sales,wind energy",https://www.shine.com/jobs/lead-sales-engineers-permanent/vestas/11818216/
22,Analyst MDM Consultant,Vestas,3 to 6 Yrs,Not Available,Chennai,Graduation,General / Other Software,Manufacturing,"sap,sap mdm,mdm,aix,bpm,master data management",https://www.shine.com/jobs/analyst-mdm-consultant-permanent/vestas/11818208/
23,"Assistant Lead Engineer, eBoP",Vestas,5 to 7 Yrs,Not Available,Chennai,Graduation,General / Other Software,Manufacturing,"optimization,actuators,agile,alarm system,bom,failure mode",https://www.shine.com/jobs/assistant-lead-engineer-ebop-permanent/vestas/11818201/
24,Service Technician - Gujarat,Vestas,4 to 8 Yrs,Not Available,Chennai,Graduation,General / Other Software,Manufacturing,"site,troubleshooting,wind turbines,mechanical,inspection,on the  training",https://www.shine.com/jobs/service-technician-gujarat-permanent/vestas/11818213/
25,Senior Analyst - Invoice Management,Vestas,5 to 8 Yrs,Not Available,Chennai,Graduation,General / Other Software,Manufacturing,"social media,sap mm,customer relations,mm module,wind energy,supply chain",https://www.shine.com/jobs/senior-analyst-invoice-management-permanent/vestas/11818211/
26,Engineer,Vestas,1 to 3 Yrs,Not Available,Chennai,Graduation,General / Other Software,Manufacturing,"power plant,open source,social media,test scripts,wind turbines,problem solving",https://www.shine.com/jobs/engineer-permanent/vestas/11818203/
27,L3 Network Engineer,AGILITY HUMAN RESOURCE MANAGEMENT SERVICES PVT LTD,8 to 13 Yrs,Rs 10  - 16 Lakh/Yr,Bangalore,Graduation,Hardware / Telecom Equipment Design,IT - Hardware / Networking,"asa,solar,srx,firewall,eigrp,bgp",https://www.shine.com/jobs/l3-network-engineer-permanent/agility-human-resource-management-services-pvt-ltd/11817751/
28,Engineer,Vestas,4 to 6 Yrs,Not Available,Chennai,Graduation,General / Other Software,Manufacturing,"design for assembly,interactive creative direction,continuous improvement culture,continuous improvement facilitation,wind energy,social media",https://www.shine.com/jobs/engineer-permanent/vestas/11791540/
29,Project Manager,Vestas,5 to 7 Yrs,Not Available,Chennai,Graduation,Site Engineering / Project Management,Manufacturing,"delivery,project management,customer relations,reporting,java,interactive creative direction",https://www.shine.com/jobs/project-manager-permanent/vestas/11788449/
30,CAD Engineer,Vestas,5 to 7 Yrs,Not Available,Chennai,Graduation,General / Other Software,Manufacturing,"auto cad,drawing,autocad,cad,bill of materials,drafting",https://www.shine.com/jobs/cad-engineer-permanent/vestas/11810966/
31,Senior Engineer - CAD,Vestas,3 to 5 Yrs,Not Available,Chennai,Graduation,General / Other Software,Manufacturing,"troubleshooting,social media,commissioning,safety,inspection,site",https://www.shine.com/jobs/senior-engineer-cad-permanent/vestas/11810969/
32,Software Engineer,Vestas,3 to 5 Yrs,Not Available,Chennai,Graduation,General / Other Software,Manufacturing,"java,sql,javascript,sql server,jquery,social media",https://www.shine.com/jobs/software-engineer-permanent/vestas/11810970/
33,Specialist Bolted Connections,Vestas,10 to 14 Yrs,Not Available,Chennai,Graduation,Operations Management / Process Analysis,Manufacturing,"interactive creative direction,continuous improvement facilitation,wind energy,social media,wind turbines,test scenarios",https://www.shine.com/jobs/specialist-bolted-connections-permanent/vestas/11786013/
34,"Sr. Manager - MIS, Chennai",Busisol Sourcing India Pvt Ltd,8 to 10 Yrs,Not Available,Chennai,Graduation,Operations Management / Process Analysis,Recruitment Services,"cash flow,wind mill,performance review,financial justification,business reports,mis",https://www.shine.com/jobs/sr-manager-mis-chennai-permanent/busisol-sourcing-india-pvt-ltd/11811233/
35,Loads Engineer,Vestas,2 to 5 Yrs,Not Available,Chennai,Graduation,General / Other Software,Manufacturing,"computational fluid dynamics,interactive creative direction,environmental impact assessment,continuous improvement facilitation,open mind,wind energy",https://www.shine.com/jobs/loads-engineer-permanent/vestas/11778769/
36,ASP Demand Analyst-Construction & CIM,Vestas,5 to 9 Yrs,Not Available,Chennai,Graduation,General / Other Software,Manufacturing,"root cause analysis,interactive creative direction,continuous improvement facilitation,root cause,wind energy,supply chain",https://www.shine.com/jobs/asp-demand-analyst-construction-cim-permanent/vestas/11778779/
37,Siting Engineer,Vestas,2 to 4 Yrs,Not Available,Chennai,Graduation,General / Other Software,Manufacturing,"wind turbine design,interactive creative direction,continuous improvement facilitation,power plant,wind energy,social media",https://www.shine.com/jobs/siting-engineer-permanent/vestas/11756726/
38,BOP Engineer,Vestas,4 to 8 Yrs,Not Available,Chennai,Graduation,General / Other Software,Manufacturing,"wind energy,continuous improvement facilitation,interactive creative direction,dc power,social media,on the  training",https://www.shine.com/jobs/bop-engineer-permanent/vestas/11799757/
39,Software Developer,Vestas,3 to 4 Yrs,Not Available,Chennai,Graduation,General / Other Software,Manufacturing,"sql server,javascript,jquery,html,sql,web application development",https://www.shine.com/jobs/software-developer-permanent/vestas/11797881/
40,CRO Site Head - Pharma,PageGroup,15 to > 25 Yrs,Not Available,Bangalore,Graduation,Sales / BD,Recruitment Services,"site,inventory management,wind,asa,boq,capability building",https://www.shine.com/jobs/cro-site-head-pharma-permanent/pagegroup/11797841/
41,CRO Site Head - Pharma (15-28 yrs),Michael Page,15 to 20 Yrs,Not Available,Bangalore,Graduation,SBU Head / CEO / Director,Recruitment Services,"site,inventory management,wind,asa,boq,capability building",https://www.shine.com/jobs/cro-site-head-pharma-yrs-permanent/michael-page/11797384/
42,Lead Engineer,Vestas,10 to 12 Yrs,Not Available,Chennai,Graduation,General / Other Software,Manufacturing,"continuous improvement facilitation,wind energy,wind turbines,process focused,social media,linux",https://www.shine.com/jobs/lead-engineer-permanent/vestas/11756509/
43,Engineer - High Voltage Transformer,Vestas,3 to 4 Yrs,Not Available,Chennai,Graduation,General / Other Software,Manufacturing,"interactive creative direction,continuous improvement facilitation,wind energy,social media,high voltage,wind turbines",https://www.shine.com/jobs/engineer-high-voltage-transformer-permanent/vestas/11756727/
44,Urgently Looking For Operation and Maintenance Electrical/Mechanical,Wind World (India) Limited,0 to 5 Yrs,"Rs 50,000  - 3.0 Lakh/Yr",Other Rajasthan,Graduation,General / Other Software,Power / Energy,"control panel,preventive maintenance,it,control,records,training",https://www.shine.com/jobs/urgently-looking-for-operation-and-maintenance-electricalmechanical-permanent/wind-world-india-limited/11768032/
45,Assistant Lead PLM Engineer,Vestas,2 to 5 Yrs,Not Available,Chennai,Graduation,General / Other Software,Manufacturing,"social media,plm,wind turbines,new product ideas,asset management,change requests",https://www.shine.com/jobs/assistant-lead-plm-engineer-permanent/vestas/11788447/
46,Software Application Engineer,Vestas,3 to 5 Yrs,Not Available,Chennai,Graduation,Service / Installation / Repair,Manufacturing,"social media,power supply,continuous improvement facilitation,wind turbines,energy industry,interactive creative direction",https://www.shine.com/jobs/software-application-engineer-permanent/vestas/11754343/
47,Site Head - Gelatin Capsules Plant,Michael Page,15 to > 25 Yrs,Not Available,Other Gujarat,Graduation,Sales / BD,Recruitment Services,"site,inventory management,wind,asa,boq,continuous improvement facilitation",https://www.shine.com/jobs/site-head-gelatin-capsules-plant-permanent/michael-page/11790641/
48,Site Head - Gelatin Capsules Plant (15-25 yrs),PageGroup,15 to 20 Yrs,Not Available,Other Gujarat,Graduation,Sales / BD,Recruitment Services,"site,inventory management,wind,asa,boq,continuous improvement facilitation",https://www.shine.com/jobs/site-head-gelatin-capsules-plant-yrs-permanent/pagegroup/11787993/
49,"QSE Specialist, Continuous Improvement",Vestas,3 to 8 Yrs,Not Available,Chennai,Graduation,General / Other Software,Manufacturing,"business units,continuous improvement facilitation,black belt,iso 14001,iso 9001,wind energy",https://www.shine.com/jobs/qse-specialist-continuous-improvement-permanent/vestas/11750663/
50,Asst Lead Engineer,Vestas,5 to 8 Yrs,Not Available,Chennai,Graduation,General / Other Software,Manufacturing,"java,c,customer relations,linux,automation,interactive creative direction",https://www.shine.com/jobs/asst-lead-engineer-permanent/vestas/11745734/
51,Assistant Lead Engineer - Nacelle Structure & Internal,Vestas,7 to 12 Yrs,Not Available,Chennai,Graduation,General / Other Software,Manufacturing,"optimization,actuators,agile,alarm system,bom,supply chain management",https://www.shine.com/jobs/assistant-lead-engineer-nacelle-structure-internal-permanent/vestas/11778775/
52,Professional - Training Developer,Vestas,5 to 8 Yrs,Not Available,Chennai,Graduation,General / Other Software,Manufacturing,"social media,interactive creative direction,document management system,wind energy,training needs analysis,statements of work sow",https://www.shine.com/jobs/professional-training-developer-permanent/vestas/11778767/
53,Financial Analyst,Vestas,3 to 5 Yrs,Not Available,Chennai,Graduation,Finance / Accounts / Tax,Manufacturing,"reporting,finance,basis,accounts,customer relations,interactive creative direction",https://www.shine.com/jobs/financial-analyst-permanent/vestas/11778774/
54,Assistant Lead Engineer,Vestas,2 to 3 Yrs,Not Available,Chennai,Graduation,General / Other Software,Manufacturing,"optimization,actuators,agile,alarm system,bom,train new employees",https://www.shine.com/jobs/assistant-lead-engineer-permanent/vestas/11778777/
55,"P&C Data Analyst, People Analytics",Vestas,3 to 4 Yrs,Not Available,Chennai,Graduation,General / Other Software,Manufacturing,"sql,data analysis,microsoft excel,customer relations,reporting,interactive creative direction",https://www.shine.com/jobs/pc-data-analyst-people-analytics-permanent/vestas/11778768/
56,Lead Engineer - FEA,Vestas,7 to 9 Yrs,Not Available,Chennai,Graduation,General / Other Software,Manufacturing,"java,c,customer relations,linux,automation,sales order",https://www.shine.com/jobs/lead-engineer-fea-permanent/vestas/11778781/
57,Controls Engineer,Vestas,2 to 3 Yrs,Not Available,Chennai,Graduation,R&D / Product Design,Manufacturing,"interactive creative direction,continuous improvement facilitation,field test,wind energy,social media,music making",https://www.shine.com/jobs/controls-engineer-permanent/vestas/11743378/
58,PLM & MDM Engineer,Vestas,2 to 5 Yrs,Not Available,Chennai,Graduation,General / Other Software,Manufacturing,"product lifecycle management,sap mm,sap ecc,master data,data sheets,supply chain",https://www.shine.com/jobs/plm-mdm-engineer-permanent/vestas/11775016/
59,Urgently Looking For Operation and Maintenance Electrical/Mechanical,Wind World (India) Limited,0 to 4 Yrs,Rs 1.5  - 2.5 Lakh/Yr,Tuticorin,Graduation,General / Other Software,Power / Energy,"control panel,preventive maintenance,it,control,records,matching",https://www.shine.com/jobs/urgently-looking-for-operation-and-maintenance-electricalmechanical-permanent/wind-world-india-limited/11753406/
60,Assistant Lead Engineer - Laser Systems Design,Vestas,8 to 10 Yrs,Not Available,Chennai,Graduation,General / Other Software,Manufacturing,"optimization,actuators,agile,alarm system,bom,value stream mapping",https://www.shine.com/jobs/assistant-lead-engineer-laser-systems-design-permanent/vestas/11771926/
61,Asst Lead / Lead Engineer - QIP,Vestas,12 to 14 Yrs,Not Available,Chennai,Graduation,General / Other Software,Manufacturing,"java,c,customer relations,linux,automation,new product development",https://www.shine.com/jobs/asst-lead-lead-engineer-qip-permanent/vestas/11769818/
62,Specialist - QBD,Vestas,15 to 16 Yrs,Not Available,Chennai,Graduation,Operations Management / Process Analysis,Manufacturing,"environmental impact assessment,continuous improvement facilitation,six sigma,root cause,social media,wind turbines",https://www.shine.com/jobs/specialist-qbd-permanent/vestas/11769873/
63,Traceability Engineer,Vestas,4 to 7 Yrs,Not Available,Chennai,Graduation,General / Other Software,Manufacturing,"root cause analysis,first article inspection,interactive creative direction,continuous improvement facilitation,life cycle,root cause",https://www.shine.com/jobs/traceability-engineer-permanent/vestas/11765845/
64,Project Development Role - Wind,ReNewPower,12 to 20 Yrs,Not Available,Other Gujarat,Graduation,Sales / BD,Consumer Durables / Electronics,"wind energy,financial modelling,solar pv,corporate liaison,power projects,epc contractors",https://www.shine.com/jobs/project-development-role-wind-permanent/renewpower/11693997/
65,Lead Design Engineer,Vestas,8 to 13 Yrs,Not Available,Chennai,Graduation,General / Other Software,Manufacturing,"catia v5,autocad,drawing,welding,bom,bill of materials",https://www.shine.com/jobs/lead-design-engineer-permanent/vestas/11762352/
66,Specialist,Vestas,5 to 10 Yrs,Not Available,Chennai,Graduation,Finance / Accounts / Tax,Manufacturing,"new product ideas,social media,policy making,wind turbines,energy industry,equipment supply",https://www.shine.com/jobs/specialist-permanent/vestas/11762287/
67,"Attorney Land Acquisition /Development, Bangalore",Talent Leads HR Solutions Pvt Ltd,10 to 15 Yrs,Rs 20  - 24 Lakh/Yr,Bangalore,Graduation,General / Other Software,Consumer Durables / Electronics,"corporate law,advising,english,trust,statutory,land use",https://www.shine.com/jobs/attorney-land-acquisition-development-bangalore-permanent/talent-leads-hr-solutions-pvt-ltd/11755348/
68,opening - Senior Manager Purchase ( Steel ) - Chennai,Orris Info Lab Private Limited,14 to 24 Yrs,Not Available,Chennai,Graduation,Sales / BD,IT - Software,"mrp,wind mill,it,wcm,procurement,purchase",https://www.shine.com/jobs/job-opening-senior-manager-purchase-steel-chennai-permanent/orris-info-lab-private-limited/11748749/
69,Lead Engineer - CIM Electrical & Control,Vestas,10 to 14 Yrs,Not Available,Chennai,Graduation,Service / Installation / Repair,Manufacturing,"java,c,customer relations,linux,automation,new product ideas",https://www.shine.com/jobs/lead-engineer-cim-electrical-control-permanent/vestas/11749561/
70,Assistant Lead Engineer - Switchgear & Cables,Vestas,20 to > 25 Yrs,Not Available,Chennai,Graduation,Service / Installation / Repair,Manufacturing,"optimization,actuators,agile,alarm system,bom,new product ideas",https://www.shine.com/jobs/assistant-lead-engineer-switchgear-cables-permanent/vestas/11749230/
71,Design Engineer - Cooling & Conditioning,Vestas,6 to 8 Yrs,Not Available,Chennai,Graduation,Engineering Design / Construction,Manufacturing,"drawing,autocad,drafting,modeling,cad,bill of materials",https://www.shine.com/jobs/design-engineer-cooling-conditioning-permanent/vestas/11736426/
72,Senior Engineer-Packaging,Vestas,6 to 7 Yrs,Not Available,Chennai,Graduation,General / Other Software,Manufacturing,"inspection,safety,troubleshooting,social media,continuous improvement facilitation,data collection",https://www.shine.com/jobs/senior-engineer-packaging-permanent/vestas/11721738/
73,Wind Turbines Design Engineer Nacelle Steel Structures,Talent Leads HR Solutions Pvt Ltd,7 to 12 Yrs,Rs 20  - 24 Lakh/Yr,Bangalore,Graduation,Sales / BD,Consumer Durables / Electronics,"drawing,autocad,drafting,modeling,cad,root cause analysis",https://www.shine.com/jobs/wind-turbines-design-engineer-nacelle-steel-structures-permanent/talent-leads-hr-solutions-pvt-ltd/11755351/
74,CIM Lead Engineer - Nacelle & Hub,Vestas,10 to 15 Yrs,Not Available,Chennai,Graduation,General / Other Software,Manufacturing,"java,c,customer relations,linux,automation,new product ideas",https://www.shine.com/jobs/cim-lead-engineer-nacelle-hub-permanent/vestas/11717810/
75,Purchaser,Vestas,5 to 9 Yrs,Not Available,Chennai,Graduation,Supply Chain / Logistics,Manufacturing,"supply chain management,supplier relationship management,supply chain,social media,wind turbines,energy industry",https://www.shine.com/jobs/purchaser-permanent/vestas/11715812/
76,Lead Supplier Quality Engineer (Composites),Vestas,8 to 10 Yrs,Not Available,Chennai,Graduation,Supply Chain / Logistics,Manufacturing,"ohsas 18001,quality,green belt,wind turbines,inspection,energy industry",https://www.shine.com/jobs/lead-supplier-quality-engineer-composites-permanent/vestas/11715513/
77,Lead Engineer - FEA,Vestas,8 to 13 Yrs,Not Available,Chennai,Graduation,Engineering Design / Construction,Manufacturing,"java,c,customer relations,linux,automation,finite element analysis",https://www.shine.com/jobs/lead-engineer-fea-permanent/vestas/11709758/
78,Engineer,Vestas,3 to 7 Yrs,Not Available,Chennai,Graduation,General / Other Software,Manufacturing,"social media,site specific,wind turbines,stress analysis,energy industry,modelling tools",https://www.shine.com/jobs/engineer-permanent/vestas/11708728/
79,Loads Engineer - Offshore,Vestas,2 to 5 Yrs,Not Available,Chennai,Graduation,Service / Installation / Repair,Manufacturing,"computational fluid dynamics,environmental impact assessment,open mind,social media,site specific,wind turbines",https://www.shine.com/jobs/loads-engineer-offshore-permanent/vestas/11705702/
80,Consultant - Virtualization,Genpact India Pvt. Ltd.,3 to 6 Yrs,Not Available,Gurugram,Graduation,IT Operations / EDP / MIS,IT - Software,"influence at all levels,data center operations,virtual desktop infrastructure,hp blade,cisco ucs,vmware esx",https://www.shine.com/jobs/consultant-virtualization-permanent/genpact-india-pvt-ltd/11845606/
81,Senior Consultant/ Manager Energy Market Modeling,ICF,5 to 10 Yrs,Not Available,Delhi,Graduation,Sales / BD,Management Consulting / Strategy,"energy markets,power markets,sales,delivery,project teams,energy systems",https://www.shine.com/jobs/senior-consultant-manager-energy-market-modeling-permanent/icf/11685207/
82,Consultant - Virtualization,Genpact,3 to 8 Yrs,< Rs 50000 /Yr,Gurugram,Graduation,General / Other Software,IT - Software,"influence at all levels,data center operations,virtual desktop infrastructure,hp blade,cisco ucs,vmware esx",https://www.shine.com/jobs/consultant-virtualization-permanent/genpact/11840633/
83,Site Head - Sales - Real Estate,Havoc Consultants Pvt. Ltd.,10 to 20 Yrs,Not Available,Navi Mumbai,Graduation,Sales / BD,Recruitment Services,"site,inventory management,wind,asa,boq,sales strategy",https://www.shine.com/jobs/site-head-sales-real-estate-permanent/havoc-consultants-pvt-ltd/11654358/
84,Engineer,Vestas,2 to 5 Yrs,Not Available,Chennai,Graduation,General / Other Software,Manufacturing,"wind turbine design,power plant,social media,sales process,layout design,wind turbines",https://www.shine.com/jobs/engineer-permanent/vestas/11555858/
85,PDM Engineer,Vestas,2 to 5 Yrs,Not Available,Chennai,Graduation,General / Other Software,Manufacturing,"engineering change management,continuous improvement facilitation,sap mm,master data,social media,wind turbines",https://www.shine.com/jobs/pdm-engineer-permanent/vestas/11647623/
86,Software Engineer,Vestas,3 to 5 Yrs,Not Available,Chennai,Graduation,Application Programming / Maintenance,Manufacturing,"java,sql,javascript,sql server,jquery,social media",https://www.shine.com/jobs/software-engineer-permanent/vestas/11608138/
87,Deputy General Manager - Wind Power Bellary,Busisol Sourcing India Pvt Ltd,12 to 15 Yrs,Not Available,Bellary,Graduation,SBU Head / CEO / Director,Recruitment Services,"budgeting,contract management,renewable energy,marketing,site management,equipment supply",https://www.shine.com/jobs/deputy-general-manager-wind-power-bellary/busisol-sourcing-india-pvt-ltd/11415073/
88,Site Head - OEM Plant - Automotive,Michael Page,16 to > 25 Yrs,Not Available,Gurugram,Graduation,Service / Installation / Repair,Recruitment Services,"site,inventory management,wind,asa,boq,continuous improvement facilitation",https://www.shine.com/jobs/site-head-oem-plant-automotive/michael-page/11545454/
89,Consultant - Virtualization,Genpact India Pvt. Ltd.,3 to 5 Yrs,Not Available,Gurugram,Graduation,IT Operations / EDP / MIS,IT - Software,"influence at all levels,data center operations,virtual desktop infrastructure,hp blade,cisco ucs,vmware esx",https://www.shine.com/jobs/consultant-virtualization-permanent/genpact-india-pvt-ltd/11845605/
90,Pastry Chef,Alliance Recruitment Agency,4 to 5 Yrs,Not Available,Bangalore,Graduation,General / Other Software,Recruitment Services,"kitchen,bakery,cooking,safety,quality,icing",https://www.shine.com/jobs/pastry-chef/alliance-recruitment-agency/11498732/
91,Consultant - Virtualization,Genpact,3 to 8 Yrs,< Rs 50000 /Yr,Gurugram,Graduation,General / Other Software,IT - Software,"influence at all levels,data center operations,virtual desktop infrastructure,hp blade,cisco ucs,vmware esx",https://www.shine.com/jobs/consultant-virtualization-permanent/genpact/11840632/
92,Site Head - OEM Plant - Automotive (16-28 yrs),PageGroup,16 to > 25 Yrs,Not Available,Gurugram,Graduation,Site Engineering / Project Management,Recruitment Services,"site,inventory management,wind,asa,boq,manufacturing operations management",https://www.shine.com/jobs/site-head-oem-plant-automotive-yrs/pagegroup/11470848/
93,SB WIND ENERGY,SB Wind Energy,2 to 7 Yrs,Not Available,Chennai,Graduation,General / Other Software,Oil & Gas / Petroleum,"wind energy,equipment supply,Wind Turbines,Wind Resource Assessment,Offshore Wind,WindPro",https://www.shine.com/jobs/sb-wind-energy/sb-wind-energy/10306485/
94,Principle Consultant Citrix Support (SME),Genpact,3 to 5 Yrs,Not Available,Hyderabad,Graduation,IT Operations / EDP / MIS,IT - Software,"cisco ucs,customer focus,access gateway,problem solving,active directory,computer science",https://www.shine.com/jobs/principle-consultant-citrix-support-sme-permanent/genpact/11793237/
95,Lead/Analyst - Wind Resource - Infrastructure Firm,Vito India,12 to 16 Yrs,Not Available,Gurugram,Graduation,General / Other Software,Management Consulting / Strategy,"data analysis,global mapper,data cleaning,equipment supply,resource assessment,suitability analysis",https://www.shine.com/jobs/leadanalyst-wind-resource-infrastructure-firm/vito-india/11499298/
96,"WRA ( Wind Resource Assessment), CFD Based WRA, WAsP",Augusta Infotech,4 to 12 Yrs,Not Available,Bangalore,Graduation,Operations Management / Process Analysis,Recruitment Services,"wind resource assessment,front end,life cycle,music making,equipment supply,energy production",https://www.shine.com/jobs/wra-wind-resource-assessment-cfd-based-wra-wasp/augusta-infotech/10987189/
97,Urgent hiring For Cost Estimator (Structure)- Gujarat,Samridhi Placements,12 to 19 Yrs,Not Available,Other Gujarat,Not Available,Sales / BD,Telecom / ISP,"framing,customer relations,rate analysis,cost management,consulting,administration",https://www.shine.com/jobs/urgent-hiring-for-cost-estimator-structure-gujarat-permanent/samridhi-placements/11847416/
98,assistant manager maintenance,Randstad,10 to 15 Yrs,Not Available,Chennai,Graduation,Maintenance,Recruitment Services,"safety,inspection,mechanical,troubleshooting,welding,breakdown",https://www.shine.com/jobs/assistant-manager-maintenance-permanent/randstad/11846905/
99,SEO Analyst,Winds Online Pvt. Ltd,1 to 4 Yrs,Not Available,Other Kerala,Graduation,Web / Mobile Technologies,IT - Software,"marketing,seo,google analytics,link building,organic search,search engine",https://www.shine.com/jobs/seo-analyst/winds-online-pvt-ltd/11090445/
100,design engineer,Randstad,3 to 6 Yrs,Not Available,Chennai,Graduation,General / Other Software,Recruitment Services,"drawing,autocad,drafting,modeling,cad,continuous improvement facilitation",https://www.shine.com/jobs/design-engineer-permanent/randstad/11846147/
101,section engr,Randstad,4 to 6 Yrs,Not Available,Bellary,Graduation,General / Other Software,Recruitment Services,"div,less,section,diploma in computer application",https://www.shine.com/jobs/section-engr-permanent/randstad/11846087/
102,UI/HTML developer,Winds Online Pvt. Ltd,0 to 2 Yrs,Not Available,Other Kerala,Graduation,General / Other Software,IT - Software,"html,css,jquery,javascript,css3,user interface designing",https://www.shine.com/jobs/uihtml-developer/winds-online-pvt-ltd/11016052/
103,Senior Web Developer PHP,Winds Online Pvt. Ltd,2 to 4 Yrs,Not Available,Other Kerala,Graduation,General / Other Software,IT - Software,"css,jquery,javascript,mysql,html,operating systems",https://www.shine.com/jobs/senior-web-developer-php/winds-online-pvt-ltd/11016051/
104,"Wind Rotor / Wind Engineering Blade, Pitch Drives, Pitch Bearing, Hub",Augusta Infotech,4 to 12 Yrs,Not Available,Bangalore,Graduation,Sales / BD,Recruitment Services,"cross functional coordination,environmental impact assessment,test data,field test,supply chain,product development",https://www.shine.com/jobs/wind-rotor-wind-engineering-blade-pitch-drives-pitch-bearing-hub/augusta-infotech/10985569/
105,Lead Technical Analyst,Augusta Infotech,4 to 12 Yrs,Not Available,Bangalore,Graduation,Sales / BD,Recruitment Services,"wind resource assessment,environmental impact assessment,life cycle,music making,due diligence,risk assessment",https://www.shine.com/jobs/lead-technical-analyst/augusta-infotech/10984862/
106,"Senior Solutions Architect - IoT, Partner Solutions Architect",Amazon,3 to 4 Yrs,Not Available,Bangalore,Graduation,General / Other Software,IT - Software,"source system analysis,use cases,internet of things,data modeling,data analytics,customer facing roles",https://www.shine.com/jobs/senior-solutions-architect-iot-partner-solutions-architect-permanent/amazon/11834251/
107,Technical & Safety Training Officer,Vestas,3 to 5 Yrs,Not Available,Chennai,Graduation,General / Other Software,Manufacturing,"teaching,technical training,training,iso,induction,interactive creative direction",https://www.shine.com/jobs/technical-safety-training-officer-permanent/vestas/11818205/
108,Wind Resource Assessment (AAH-03-N1C),MyCityAhmedabad,10 Yrs,Not Available,Ahmedabad,Graduation,Maintenance,Telecom / ISP,"equipment supply,energy assessment,assessment,engineering,suitability,Equipment Setup",https://www.shine.com/jobs/wind-resource-assessment-aah-n1c/mycityahmedabad/11148503/
109,Commvault Escalation Engineer,Aruba Networks,2 to 5 Yrs,Not Available,Bangalore,Graduation,General / Other Software,IT - Hardware / Networking,"active directory,high pressure,file system,windows,high pressure situations,troubleshooting",https://www.shine.com/jobs/commvault-escalation-engineer-permanent/aruba-networks/11832850/
110,team lead blade technology,Randstad,10 to 13 Yrs,Not Available,Bangalore,Graduation,Maintenance,Recruitment Services,"blade technology,management,mechanical,integration,intercultural,electromechanical",https://www.shine.com/jobs/team-lead-blade-technology-permanent/randstad/11810424/
111,"senior manager sourcing,",Randstad,3 to 4 Yrs,Not Available,Chennai,Graduation,Merchandising / Sourcing,Recruitment Services,"finance,sales,mis,accountancy,supply chain management,supply chain",https://www.shine.com/jobs/senior-manager-sourcing-permanent/randstad/11810396/
112,Assistant Lead Engineer - CAD,Vestas,5 to 8 Yrs,Not Available,Chennai,Graduation,General / Other Software,Manufacturing,"bom,alarm system,agile,optimization,bill of materials,iso standards",https://www.shine.com/jobs/assistant-lead-engineer-cad-permanent/vestas/11818202/
113,Senior Hardware Engineer,Vestas,5 to 8 Yrs,Not Available,Chennai,Graduation,General / Other Software,Manufacturing,"lan,debugging,cabling,environment,failure analysis,single line diagram",https://www.shine.com/jobs/senior-hardware-engineer-permanent/vestas/11810958/
114,Lead Supplier Quality Engineer,Vestas,8 to 10 Yrs,Not Available,Chennai,Graduation,General / Other Software,Manufacturing,"quality,quality control,ppap,spc,inspection,green belt",https://www.shine.com/jobs/lead-supplier-quality-engineer-permanent/vestas/11810953/
115,P&C Data Specialist (Learning Management),Vestas,8 to 10 Yrs,Not Available,Chennai,Graduation,General / Other Software,Manufacturing,"data models,sql,etl,datastage,environment,sap hcm",https://www.shine.com/jobs/pc-data-specialist-learning-management-permanent/vestas/11818195/
116,Piping Stress Engineer - FPSO,Seekout Online Hiring For EPC MNC Company,10 to 20 Yrs,Not Available,Mumbai City,Not Available,Engineering Design / Construction,Engineering / Construction,"piping design,offshore platforms,caesar ii,fpso,piping engineering,offshore",https://www.shine.com/jobs/piping-stress-engineer-fpso-permanent/seekout-online/11844221/
117,Quality Control Engineer,Suzlon Group,1 to 6 Yrs,Not Available,Jaisalmer,Graduation,Engineering Design / Construction,Environment / Waste Management,"automation,7 qc tools,logic,qa,commissioning,programming",https://www.shine.com/jobs/quality-control-engineer-permanent/suzlon-group/11827818/
118,"Wind Machine Head, Component Design, FEA, Main Gearbox, Base Frame",Augusta Infotech,4 to 7 Yrs,Not Available,Bangalore,Graduation,Service / Installation / Repair,Recruitment Services,"design for assembly,conceptual design,system integration,rca,design,gearbox",https://www.shine.com/jobs/wind-machine-head-component-design-fea-main-gearbox-base-frame/augusta-infotech/10983607/
119,Performance Engineer,3D PLM Software Solutions Ltd,4 to 8 Yrs,Not Available,Pune,Graduation,Web / Mobile Technologies,IT - Software,"performance testing,load runner,load testing,environment,test scripts,standard operating procedures",https://www.shine.com/jobs/performance-engineer-permanent/3d-plm-software-solutions-ltd/11841183/
120,Technical Writer,Vestas,5 to 7 Yrs,Not Available,Kolkata,Graduation,General / Other Software,Manufacturing,"social media,editing,content management,equipment supply,documentation,customer relations",https://www.shine.com/jobs/technical-writer-permanent/vestas/11818206/
121,Energy engineer,M/S V V R INFRASTRUCTURE,1 to 6 Yrs,Rs 4.0  - 9 Lakh/Yr,Bangalore,Not Available,Oil & Gas Engineering,Oil & Gas / Petroleum,"service work,electrical maintenance,energy,oil,electrical repairs,gas",https://www.shine.com/jobs/energy-engineer-permanent/ms-v-v-r-infrastructure/11839623/
122,Web Developer PHP,Winds Online Pvt. Ltd,0 to 2 Yrs,Not Available,Other Kerala,Graduation,General / Other Software,IT - Software,"css,html,javascript,jquery,mysql,software development",https://www.shine.com/jobs/web-developer-php/winds-online-pvt-ltd/10337441/
123,MARKETING ENGINEER,SB Wind Energy,2 to 7 Yrs,Not Available,Chennai,Graduation,Sales / BD,Oil & Gas / Petroleum,"marketing,sales,business development,customer relations,negotiation,communication skills",https://www.shine.com/jobs/marketing-engineer/sb-wind-energy/10306484/
124,"Senior Systems Engineer, Bangalore",Talent Leads HR Solutions Pvt Ltd,12 to 15 Yrs,Rs 30  - 34 Lakh/Yr,Bangalore,Graduation,Sales / BD,Consumer Durables / Electronics,"effective communication skills,systems design,risk management,conceptual design,product development,communication skills",https://www.shine.com/jobs/senior-systems-engineer-bangalore-permanent/talent-leads-hr-solutions-pvt-ltd/11795619/
125,Lead Mechanical Design Engineer,Cyient Limited,6 to 9 Yrs,Not Available,Hyderabad,Graduation,General / Other Software,IT - Software,"cad,failure modes,drawing,indoor air quality,drafting,modeling",https://www.shine.com/jobs/lead-mechanical-design-engineer-permanent/cyient-limited/11818869/
126,External Communications Manager - Renewable Energy (5-8 yrs),PageGroup,3 to 8 Yrs,Not Available,Gurugram,Graduation,Sales / BD,Recruitment Services,"social media,data analysis,climate change,press releases,media relations,public relations",https://www.shine.com/jobs/external-communications-manager-renewable-energy-5-8-yrs-permanent/pagegroup/11836411/
127,Branding Manager - Renewable Energy (5-8 yrs),PageGroup,3 to 8 Yrs,Not Available,Gurugram,Graduation,Marketing / Communication,Recruitment Services,"market research,brand campaigns,creative briefs,renewable energy,equipment supply,mass communication",https://www.shine.com/jobs/branding-manager-renewable-energy-5-8-yrs-permanent/pagegroup/11836405/
128,Lead Engineer Vehicle to Grid Charging,Eaton Technologies Pvt Ltd,3 to 5 Yrs,Not Available,Pune,Graduation,Sales / BD,Engineering / Construction,"java,c,customer relations,linux,automation,power systems",https://www.shine.com/jobs/lead-engineer-vehicle-to-grid-charging-permanent/eaton-technologies-pvt-ltd/11835941/
129,Principle Consultant Citrix Support (SME),Genpact India Pvt. Ltd.,8 to 13 Yrs,Not Available,Hyderabad,Graduation,General / Other Software,IT - Software,"cisco ucs,customer focus,access gateway,problem solving,active directory,computer science",https://www.shine.com/jobs/principle-consultant-citrix-support-sme-permanent/genpact-india-pvt-ltd/11622779/
130,Telecom Mount Designer,M/S DIN Engineering Services LLP,2 to 6 Yrs,Not Available,Ghaziabad,Graduation,General / Other Software,IT - Software,"autocad 2d,site layout,site specific,equipment list,detail drawings,structural analysis",https://www.shine.com/jobs/telecom-mount-designer-permanent/ms-din-engineering-services-llp/11814068/
131,Lead Engineer - Blades Assembly,Vestas,20 to > 25 Yrs,Not Available,Chennai,Graduation,General / Other Software,Manufacturing,"linux,c,six sigma,java,customer relations,automation",https://www.shine.com/jobs/lead-engineer-blades-assembly-permanent/vestas/11793716/
132,External Communications Manager - Renewable Energy,Michael Page,3 to 8 Yrs,Not Available,Gurugram,Graduation,Sales / BD,Recruitment Services,"social media,data analysis,climate change,press releases,english writing,media relations",https://www.shine.com/jobs/external-communications-manager-renewable-energy-permanent/michael-page/11834028/
133,Branding Manager - Renewable Energy (5-8 yrs),Michael Page,3 to 8 Yrs,Not Available,Gurugram,Graduation,Sales / BD,Recruitment Services,"market research,brand campaigns,creative briefs,renewable energy,equipment supply,mass communication",https://www.shine.com/jobs/branding-manager-renewable-energy-5-8-yrs-permanent/michael-page/11834027/
134,project erp planner,Randstad,3 Yrs,Not Available,Chennai,Graduation,ERP / CRM,Recruitment Services,"continuous improvement facilitation,sap ps,work orders,ps,wf,sap",https://www.shine.com/jobs/project-erp-planner-permanent/randstad/11810178/
135,MWC Engineering Continuous Improvement Leader,Talent Leads HR Solutions Pvt Ltd,12 to 15 Yrs,Rs 30  - 34 Lakh/Yr,Bangalore,Graduation,Sales / BD,Consumer Durables / Electronics,"master black belt,six sigma,black belt,mail sorting,standard work,product launch",https://www.shine.com/jobs/mwc-engineering-continuous-improvement-leader-permanent/talent-leads-hr-solutions-pvt-ltd/11795618/
136,Dot Net Developers,Invitra Technologies Private Limited,2 to 5 Yrs,Not Available,Pune,Graduation,General / Other Software,IT - Software,"sql server,net,jquery,javascript,html,project administration",https://www.shine.com/jobs/dot-net-developers/invitra-technologies-private-limited/10303643/
137,Technical Lead J2ee technology,Worldsoft Technologies,2 to 5 Yrs,Not Available,Bhopal,Graduation,General / Other Software,IT - Software,"java,environment,sql server,sql,customer relations,remote desktop",https://www.shine.com/jobs/technical-lead-j2ee-technology/worldsoft-technologies/10182898/
138,Commvault Escalation Engineer,Hewlett-Packard India Pvt Ltd,2 to 4 Yrs,Not Available,Bangalore,Graduation,General / Other Software,IT - Software,"high pressure,active directory,file system,troubleshooting,technical support,it services",https://www.shine.com/jobs/commvault-escalation-engineer-permanent/hewlett-packard-india-pvt-ltd/11829480/
139,Assistant Lead Engineer - Mechanical,Vestas,6 to 9 Yrs,Not Available,Chennai,Graduation,General / Other Software,Manufacturing,"actuators,interactive creative direction,alarm system,agile,continuous improvement facilitation,optimization",https://www.shine.com/jobs/assistant-lead-engineer-mechanical-permanent/vestas/11778776/
140,Assistant Lead Engineer - Blades Tooling Design,Vestas,10 to 14 Yrs,Not Available,Chennai,Graduation,General / Other Software,Manufacturing,"optimization,actuators,agile,alarm system,bom,six sigma green belt",https://www.shine.com/jobs/assistant-lead-engineer-blades-tooling-design-permanent/vestas/11769825/
141,Design Engineer,Samford HR Consultants,4 to 9 Yrs,Rs 3.5  - 7 Lakh/Yr,Other Gujarat,Not Available,Engineering Design / Construction,Manufacturing,"autocad,solid works,pv elite",https://www.shine.com/jobs/design-engineer-permanent/samford-hr-consultants/11824054/
142,Design Engineer - Hydraulics,Bosch Group,3 to 5 Yrs,Not Available,Bangalore,Graduation,Sales / BD,Manufacturing,"drawing,autocad,drafting,modeling,cad,continuous improvement facilitation",https://www.shine.com/jobs/design-engineer-hydraulics-permanent/bosch-group/11823965/
143,Technical Writer,Vestas,5 to 10 Yrs,Not Available,Chennai,Graduation,Sales / BD,Manufacturing,"documentation,continuous improvement facilitation,customer relations,content management,interactive creative direction,microsoft word",https://www.shine.com/jobs/technical-writer-permanent/vestas/11767177/
144,Manufacturing Engineering,Sai Placement,6 to 10 Yrs,Not Available,Chennai,Graduation,General / Other Software,Recruitment Services,"kaizen,lean manufacturing,safety,inspection,machining,continuous improvement facilitation",https://www.shine.com/jobs/manufacturing-engineering-permanent/sai-placement/11790282/
145,UG NX Design Engineer,Cyient Limited,4 to 8 Yrs,Not Available,Bangalore,Graduation,General / Other Software,IT - Software,"drafting,modeling,drawing,siemens nx,advanced analytics,international standards",https://www.shine.com/jobs/ug-nx-design-engineer-permanent/cyient-limited/11788638/
146,Team Manager - Cost Optimization ( 67441859 ),Reliance Industries Ltd.,4 to 9 Yrs,Not Available,Navi Mumbai,Graduation,Finance / Accounts / Tax,Manufacturing,"sla,customer relations,coaching,customer service,sales,power plants",https://www.shine.com/jobs/team-manager-cost-optimization-permanent/reliance-industries-ltd/11819011/
147,fea manager,Randstad,3 to 12 Yrs,Not Available,Bangalore,Graduation,Operations Management / Process Analysis,Recruitment Services,"music making,structural design,mechanical engineering,structural calculations,fea,steel",https://www.shine.com/jobs/fea-manager-permanent/randstad/11777366/
148,System Monitoring Tools & Techniques IT Operations Practitioner,Accenture,2 to 4 Yrs,Not Available,Bangalore,Graduation,General / Other Software,IT - Software,"monitoring tools,production systems,communication skills,interpersonal skills,professional services,written communication",https://www.shine.com/jobs/system-monitoring-tools-techniques-it-operations-practitioner-permanent/accenture/11749775/
149,product master data engineer,Randstad,3 to 7 Yrs,Not Available,Bangalore,Graduation,General / Other Software,Recruitment Services,"sql,java,data warehousing,informatica,python,product data management",https://www.shine.com/jobs/product-master-data-engineer-permanent/randstad/11773723/
150,Portfolio Analyst,Vestas,3 to 5 Yrs,Not Available,Chennai,Graduation,Operations Management / Process Analysis,Manufacturing,"trading,due diligence,performance analysis,reporting,research,interactive creative direction",https://www.shine.com/jobs/portfolio-analyst-permanent/vestas/11746261/
151,Electrical Engineer,Seekout Online Hiring For EPC Company,8 to 10 Yrs,Not Available,Vadodara,Graduation,Engineering Design / Construction,Engineering / Construction,"short circuit,power system studies,etap,switchgear,protection system,electrical engineering",https://www.shine.com/jobs/electrical-engineer-permanent/seekout-online/11807513/
152,Power System Engineer,Seekout Online Hiring For EPCM Company,6 to 11 Yrs,Not Available,Vadodara,Not Available,Engineering Design / Construction,Engineering / Construction,"protective relays,protection system,electrical engineering,relays,power system,short circuit",https://www.shine.com/jobs/power-system-engineer-permanent/seekout-online/11807283/
153,Sr.Engineer Hardware Design,Triphase Technologies Private Limited,3 to 8 Yrs,Rs 3.5  - 12 Lakh/Yr,Bangalore,Graduation,R&D / Product Design,Manufacturing,"bldc,converter,electronics,supply,design,critical power",https://www.shine.com/jobs/srengineer-hardware-design-permanent/triphase-technologies-private-limited/11802460/
154,Assistant Lead Engineer,Vestas,6 to 8 Yrs,Not Available,Chennai,Graduation,General / Other Software,Manufacturing,"optimization,actuators,agile,alarm system,bom,sales order",https://www.shine.com/jobs/assistant-lead-engineer-permanent/vestas/11736421/
155,"Manager - Legal, Bangalore",Talent Leads HR Solutions Pvt Ltd,5 to 10 Yrs,Rs 10  - 12 Lakh/Yr,Bangalore,Graduation,General / Other Software,Consumer Durables / Electronics,"legal issues,due diligence,power projects,project finance,renewable energy,project delivery",https://www.shine.com/jobs/manager-legal-bangalore-permanent/talent-leads-hr-solutions-pvt-ltd/11755345/
156,Product Design Engineer,Cyient Limited,3 to 5 Yrs,Not Available,Hyderabad,Graduation,Engineering Design / Construction,IT - Software,"cad,product development,detail design,drafting,modeling,plastic design",https://www.shine.com/jobs/product-design-engineer-permanent/cyient-limited/11754400/
157,Senior Systems Engineer,Cyient Limited,3 to 8 Yrs,[Not Mentioned],Bangalore,Graduation,General / Other Software,IT - Software,"steady state,failure analysis,digital circuit design,power electronics,circuit design,power electronics design",https://www.shine.com/jobs/senior-systems-engineer-permanent/cyient-limited/11752419/
158,Manager - Product Management - Automobile,Genetic Callnet,4 to 6 Yrs,Not Available,Mumbai City,Graduation,Operations Management / Process Analysis,Recruitment Services,"subject matter expertise,business case,market analysis,product testing,launch products,customer service",https://www.shine.com/jobs/manager-product-management-automobile-permanent/genetic-callnet/11795839/
159,Assistant Lead Parts Engineer,Vestas,2 to 4 Yrs,Not Available,Chennai,Graduation,General / Other Software,Manufacturing,"sap ecc,3d cad,sap mm,service center operations,product lifecycle management,data sheets",https://www.shine.com/jobs/assistant-lead-parts-engineer-permanent/vestas/11715832/
160,Technical Architect,Seygnux Solutions Private Limited,5 to 10 Yrs,Rs 12  - 24 Lakh/Yr,Delhi,Not Available,General / Other Software,Power / Energy,"software development,software engineering,software design",https://www.shine.com/jobs/technical-architect-permanent/seygnux-solutions-private-limited/11795106/
161,System Engineer,Cyient Limited,5 to 10 Yrs,Not Available,Bangalore,Graduation,General / Other Software,IT - Software,"sql,steady state,troubleshooting,failure analysis,new product development,customer relations",https://www.shine.com/jobs/system-engineer-permanent/cyient-limited/11750112/
162,Business Process Specialist,Vestas,3 to 5 Yrs,Not Available,Chennai,Graduation,General / Other Software,Manufacturing,"accountancy,accruals,budgeting,documentation,microsoft excel,business process management",https://www.shine.com/jobs/business-process-specialist-permanent/vestas/11794166/
163,Design Engineer- Industrial Structures and Machineries,Bosch Group,4 Yrs,Not Available,Bangalore,Graduation,General / Other Software,Manufacturing,"drawing,autocad,drafting,modeling,cad,continuous improvement facilitation",https://www.shine.com/jobs/design-engineer-industrial-structures-and-machineries-permanent/bosch-group/11791774/
164,EPC Oil and Gas and Renewable,Arminus,8 to 13 Yrs,Not Available,Pune,Graduation,Oil & Gas Engineering,IT - Software,"supply chain,it portfolio,design thinking,digital strategy,equipment supply,agile methodology",https://www.shine.com/jobs/epc-oil-and-gas-and-renewable-permanent/arminus/11708792/
165,Regional Sales Manager,Michael Page,12 to 20 Yrs,Not Available,Bangalore,Graduation,Sales / BD,Recruitment Services,"sales,marketing,business development,retail,target,project sales",https://www.shine.com/jobs/regional-sales-manager-permanent/michael-page/11783096/
166,Assistant Lead Engineer - FEA,Vestas,4 to 8 Yrs,Not Available,Chennai,Graduation,General / Other Software,Manufacturing,"sheet metal,continuous improvement facilitation,bom,optimization,agile,ce marking",https://www.shine.com/jobs/assistant-lead-engineer-fea-permanent/vestas/11747401/
167,Data Analyst,Vestas,4 to 5 Yrs,Not Available,Chennai,Graduation,Statistics / Analytics,Manufacturing,"sql,data analysis,microsoft excel,reporting,supply chain operations,ms sql",https://www.shine.com/jobs/data-analyst-permanent/vestas/11707872/
168,Design Engineer - Change Management & SAP,Bosch Group,3 to 8 Yrs,Not Available,Bangalore,Graduation,R&D / Product Design,Manufacturing,"drawing,autocad,drafting,modeling,cad,engineering data management",https://www.shine.com/jobs/design-engineer-change-management-sap-permanent/bosch-group/11780455/
169,Regional Sales Manager - Infrastructure/Oil & Gas,PageGroup,12 to 20 Yrs,Not Available,Bangalore,Graduation,Sales / BD,Recruitment Services,"sales,marketing,business development,retail,target,project sales",https://www.shine.com/jobs/regional-sales-manager-infrastructureoil-gas-permanent/pagegroup/11779327/
170,Investment Associate/ESG Officer - Infrastructure Financing/Investing,HCS Enterprises,2 to 6 Yrs,Not Available,Mumbai City,Graduation,IT Operations / EDP / MIS,IT - Software,"solid waste management,social impact,automation,analysis,people skills,research",https://www.shine.com/jobs/investment-associateesg-officer-infrastructure-financinginvesting-permanent/hcs-enterprises/11767999/
171,User Experience Designer,Intel Technology India Pvt Ltd,5 to 8 Yrs,Not Available,Bangalore,Graduation,Web / Mobile Technologies,IT - Software,"advertising,insurance,national,portals,studio,internet of things",https://www.shine.com/jobs/user-experience-designer-permanent/intel-technology-india-pvt-ltd/11715515/
172,hiring for Purchaser,Vestas,6 to 8 Yrs,Not Available,Chennai,Graduation,Purchase,Manufacturing,"energy industry,indirect spend,management skills,supply chain,business studies,equipment supply",https://www.shine.com/jobs/hiring-for-purchaser-permanent/vestas/11671189/
173,DGM DESIGN,Jobsplan dot com,10 to 14 Yrs,Rs 18  - 26 Lakh/Yr,Other Gujarat,Graduation,Engineering Design / Construction,Engineering / Construction,"tender,power transmission,analysis,technical specifications,distribution system,equipment",https://www.shine.com/jobs/dgm-design-permanent/jobsplan-dot-com/11756486/
174,Assistant Lead Engineer - Cost Engineering,Vestas,10 to 11 Yrs,Not Available,Chennai,Graduation,R&D / Product Design,Manufacturing,"optimization,actuators,agile,alarm system,bom,new product development",https://www.shine.com/jobs/assistant-lead-engineer-cost-engineering-permanent/vestas/11654658/
175,SOC Physical Verification Lead,Intel Technology India Pvt Ltd,7 to 12 Yrs,Not Available,Hyderabad,Graduation,General / Other Software,IT - Software,"internet of things,new business,corporate liaison,behavioral training,layout verification,communication skills",https://www.shine.com/jobs/soc-physical-verification-lead-permanent/intel-technology-india-pvt-ltd/11703518/
176,Design Engineer,Eaton Technologies Pvt Ltd,5 Yrs,Not Available,Coimbatore,Graduation,Engineering Design / Construction,Engineering / Construction,"carbon emissions,modeling,drawing,autocad,power management,cad",https://www.shine.com/jobs/design-engineer-permanent/eaton-technologies-pvt-ltd/11711160/
177,AI Software Evangelist,Intel Technology India Pvt Ltd,4 to 8 Yrs,Not Available,Bangalore,Graduation,General / Other Software,IT - Software,"internet of things,field sales,data science,new business,data analysis,deep learning",https://www.shine.com/jobs/ai-software-evangelist-permanent/intel-technology-india-pvt-ltd/11695245/
178,Senior Analyst- ITIP,Bnp Paribas,2 to 5 Yrs,Not Available,Bangalore,Graduation,Statistics / Analytics,Banking / Financial Services,"research,retail banking,static routing,global delivery,leased lines,v3 foundation",https://www.shine.com/jobs/senior-analyst-itip-permanent/bnp-paribas/11682415/
179,CREO Engineer- Castings+ Plastics,Cyient Limited,3 to 6 Yrs,Not Available,Hyderabad,Graduation,Engineering Design / Construction,IT - Software,"engine design,solid modeling,large assembly management,advanced analytics,heavy equipment,assembly drawings",https://www.shine.com/jobs/creo-engineer-castings-plastics-permanent/cyient-limited/11681418/
180,Test Engineer,EMERSON INNOVATION CENTER,3 to 7 Yrs,Not Available,Noida,Graduation,Service / Installation / Repair,Manufacturing,"test cases,reporting,regression testing,automation,java,power plant operation",https://www.shine.com/jobs/test-engineer-permanent/emerson-innovation-center/11673703/
181,Senior Manager/AGM - Legal,ReNewPower,10 to 19 Yrs,Not Available,Bhuj,Graduation,Operations Management / Process Analysis,Consumer Durables / Electronics,"finance,sales,ltd,mis,accountancy,term sheets",https://www.shine.com/jobs/senior-manageragm-legal-permanent/renewpower/11636957/
182,Coordination Manager,ReNewPower,5 to 10 Yrs,Not Available,Gurugram,Graduation,Operations Management / Process Analysis,Consumer Durables / Electronics,"rad,renewable energy,pan,central government,equipment supply,project execution",https://www.shine.com/jobs/coordination-manager-permanent/renewpower/11636956/
183,Head - Market Intelligence,ReNewPower,5 to 10 Yrs,Not Available,Gurugram,Graduation,SBU Head / CEO / Director,Consumer Durables / Electronics,"renewable energy,solar power,solar energy,market intelligence,big data,market structure",https://www.shine.com/jobs/head-market-intelligence-permanent/renewpower/11636949/
184,Senior Performance Engineer,3D PLM Software Solutions Ltd,4 to 7 Yrs,Not Available,Pune,Graduation,General / Other Software,IT - Software,"load runner,performance testing,jmeter,test scenarios,capacity planning,standard operating procedures",https://www.shine.com/jobs/senior-performance-engineer-permanent/3d-plm-software-solutions-ltd/11721379/
185,Regulatory Role - Electricity Regulation,Continuum Green Energy (India) Pvt Ltd,10 to 15 Yrs,Not Available,Mumbai City,Graduation,Sales / BD,Environment / Waste Management,"regulatory requirements,operations,dispatch,central government,renewable energy,energy policy",https://www.shine.com/jobs/regulatory-role-electricity-regulation-permanent/continuum-green-energy-india-pvt-ltd/11655650/
186,Business Development Role - Hydro Projects,PageGroup,10 to 15 Yrs,Not Available,Delhi,Graduation,Sales / BD,Recruitment Services,"hydro power,project development,new business,new business development,project management,project finance",https://www.shine.com/jobs/business-development-role-hydro-projects-permanent/pagegroup/11715938/
187,Business Development Role - Hydro Projects,Michael Page,10 to 15 Yrs,Not Available,Delhi,Graduation,Sales / BD,Recruitment Services,"project finance,equipment supply,new business development,new business,global management,hydro power",https://www.shine.com/jobs/business-development-role-hydro-projects-permanent/michael-page/11715191/
188,ReNew Power - Legal Role - Land Acquisition,ReNewPower,10 to 17 Yrs,Not Available,Other Gujarat,Graduation,Sales / BD,Consumer Durables / Electronics,"term sheets,legal issues,due diligence,land acquisition,vendor contracts,legal documentation",https://www.shine.com/jobs/renew-power-legal-role-land-acquisition-permanent/renewpower/11646676/
189,Frontend Developer,SOLLYS CONSULTING AND SOLUTIONS PRIVATE LIMITED,5 to 8 Yrs,Rs 5  - 12 Lakh/Yr,All India,Not Available,Testing,IT - Software,"angular,web application,agile development,back-end web development,angular js,teamwork",https://www.shine.com/jobs/frontend-developer-permanent/sollys-consulting-and-solutions-private-limited/11705786/
190,Head - Market Operations,ReNewPower,12 to 15 Yrs,Not Available,Gurugram,Graduation,SBU Head / CEO / Director,Consumer Durables / Electronics,"equipment supply,mis,portfolio management,gef,sales,management reporting",https://www.shine.com/jobs/head-market-operations-permanent/renewpower/11636952/
191,Head - Business Development,ReNewPower,10 to 15 Yrs,Not Available,Gurugram,Graduation,SBU Head / CEO / Director,Consumer Durables / Electronics,"new business development,solar power,solar energy,new business,energy services,renewable energy",https://www.shine.com/jobs/head-business-development-permanent/renewpower/11636951/
192,Sr Research Associate,Intel Technology India Pvt Ltd,5 to 7 Yrs,Not Available,Bangalore,Graduation,Sales / BD,IT - Software,"research,validation,hplc,documentation,calibration,embedded systems",https://www.shine.com/jobs/sr-research-associate-permanent/intel-technology-india-pvt-ltd/11577469/
193,Head - Business Development - Tendering,TUV SUD South Asia Pvt. Ltd.,20 to > 25 Yrs,Not Available,Mumbai City,Graduation,Sales / BD,Consumer Durables / Electronics,"sales,rate analysis,tender documents,direct cost,boqs,indirect cost",https://www.shine.com/jobs/head-business-development-tendering-permanent/tuv-sud-south-asia-pvt-ltd/11653442/
194,openings for cnc operator in bahadurgarh,KD Group of Industries,3 to 5 Yrs,Not Available,Other Haryana,Graduation,Maintenance,Manufacturing,"cnc,programming,machining,inspection,quality",https://www.shine.com/jobs/job-openings-for-cnc-operator-in-bahadurgarh/kd-group-of-industries/11546618/
195,Manager - Business Finance,ReNewPower,5 to 8 Yrs,Not Available,Gurugram,Graduation,Operations Management / Process Analysis,Consumer Durables / Electronics,"process improvement initiatives,business units,asset management,business finance,cost optimization,financial analysis",https://www.shine.com/jobs/manager-business-finance-permanent/renewpower/11636961/
196,Edge AI Deep Learning Validation Engineer,Intel Technology India Pvt Ltd,3 to 5 Yrs,Not Available,Bangalore,Graduation,General / Other Software,IT - Software,"validation,debugging,test cases,customer relations,end to end solutions,internet of things",https://www.shine.com/jobs/edge-ai-deep-learning-validation-engineer/intel-technology-india-pvt-ltd/11512013/
197,Power System Engineer,Seekout Online Hiring For EPCM Company,6 to 11 Yrs,Not Available,Vadodara,Not Available,Engineering Design / Construction,Engineering / Construction,"protective relays,protection system,electrical design,single line diagrams,etap,power system studies",https://www.shine.com/jobs/power-system-engineer-permanent/seekout-online/11746255/
198,Senior Engineer Structures - Buildings,Ramboll India,7 Yrs,Not Available,Mumbai City,Graduation,Sales / BD,Pharma / Biotech,"soil,civil engineering,troubleshooting,urban design,civil,project managers",https://www.shine.com/jobs/senior-engineer-structures-buildings/ramboll-india/11460919/
199,Graduate Intern,Intel Technology India Pvt Ltd,2 to 4 Yrs,Not Available,Bangalore,Graduation,IT Operations / EDP / MIS,IT - Software,"research,matlab,c,perl,autocad,internet of things",https://www.shine.com/jobs/graduate-intern/intel-technology-india-pvt-ltd/11449431/
200,Manager - Market Research - Consulting/KPO,Cairn Martin,7 to 10 Yrs,Not Available,Gurugram,Graduation,Market Research (MR),Banking / Financial Services,"land use,energy storage,fuel cells,solar power,natural gas,data analysis",https://www.shine.com/jobs/manager-market-research-consultingkpo-permanent/cairn-martin/11558569/
201,Technical Lead,Michael Page,5 to 12 Yrs,Not Available,Gurugram,Graduation,Technical Support / Helpdesk,Recruitment Services,"java,environment,sql server,sql,power supply,high voltage",https://www.shine.com/jobs/technical-lead/michael-page/11546604/
202,General Manager - Corporate Communications,Michael Page,3 to 20 Yrs,Not Available,Gurugram,Graduation,Operations Management / Process Analysis,Recruitment Services,"multiple projects simultaneously,media relations,press briefings,renewable energy,equipment supply,written communication",https://www.shine.com/jobs/general-manager-corporate-communications/michael-page/11545977/
203,Corporate Communications Lead - Renewables (15-20 yrs),Michael Page,3 to 20 Yrs,Not Available,Gurugram,Graduation,Marketing / Communication,Recruitment Services,"multiple projects simultaneously,media relations,press briefings,renewable energy,equipment supply,written communication",https://www.shine.com/jobs/corporate-communications-lead-renewables-yrs/michael-page/11545708/
204,Senior Manager - Strategy/Business Development - Renewable Energy Firm,Michael Page,5 to 15 Yrs,Not Available,Delhi,Graduation,Sales / BD,Recruitment Services,"finance,new projects,renewable energy,equipment supply,business planning,market development",https://www.shine.com/jobs/senior-manager-strategybusiness-development-renewable-energy-firm/michael-page/11545228/
205,Technical Lead - Battery Storage Solutions - Renewable Energy Firm,Michael Page,5 to 9 Yrs,Not Available,Gurugram,Graduation,General / Other Software,Recruitment Services,"java,environment,sql server,sql,customer relations,supply chain management",https://www.shine.com/jobs/technical-lead-battery-storage-solutions-renewable-energy-firm/michael-page/11545169/
206,Corporate Communications Lead - Renewables (15-20 yrs),PageGroup,15 to 20 Yrs,Not Available,Gurugram,Graduation,General / Other Software,Recruitment Services,"multiple projects simultaneously,media relations,press briefings,renewable energy,equipment supply,written communication",https://www.shine.com/jobs/corporate-communications-lead-renewables-yrs/pagegroup/11528362/
207,Design Engineer -Casting,Cyient Limited,4 Yrs,Not Available,Pune,Graduation,General / Other Software,IT - Software,"drafting,drawing,microsoft excel,modeling,large assembly management,engine design",https://www.shine.com/jobs/design-engineer-casting/cyient-limited/11305369/
208,General Manager - Corporate Communications,PageGroup,3 to 7 Yrs,Not Available,Gurugram,Graduation,Operations Management / Process Analysis,Recruitment Services,"multiple projects simultaneously,media relations,press briefings,renewable energy,equipment supply,written communication",https://www.shine.com/jobs/general-manager-corporate-communications/pagegroup/11469078/
209,Technical Lead - Battery Solutions - Renewable Energy,PageGroup,5 to 12 Yrs,Not Available,Gurugram,Graduation,General / Other Software,Recruitment Services,"java,environment,sql server,sql,customer relations,supply chain management",https://www.shine.com/jobs/technical-lead-battery-solutions-renewable-energy/pagegroup/11466613/
210,Senior Manager - Strategy/Business Development - Renewable Energy Firm,PageGroup,5 to 15 Yrs,Not Available,Delhi,Graduation,Service / Installation / Repair,Recruitment Services,"finance,sales,ltd,mis,accountancy,new business",https://www.shine.com/jobs/senior-manager-strategybusiness-development-renewable-energy-firm/pagegroup/11466188/
211,Technical Lead - Battery Storage Solutions - Renewable Energy Firm (5-12 yrs),PageGroup,5 to 12 Yrs,Not Available,Gurugram,Graduation,Maintenance,Recruitment Services,"java,sql server,sql,customer relations,power supply,high voltage",https://www.shine.com/jobs/technical-lead-battery-storage-solutions-renewable-energy-firm-5-yrs/pagegroup/11466132/
212,Senior Design Engineer FOCS,Alstom Transport India Ltd,7 to 12 Yrs,Not Available,Bangalore,Graduation,Engineering Design / Construction,Travel / Tourism,"mechanical,shop drawings,drawing,english language,cad,testing process",https://www.shine.com/jobs/senior-design-engineer-focs/alstom-transport-india-ltd/11418706/
213,Sr.Engineer Hardware Design,Triphase Technologies Private Limited,3 to 8 Yrs,Rs 3.5  - 12 Lakh/Yr,Bangalore,Graduation,R&D / Product Design,Manufacturing,"reliability testing,technology development,thermal,simulation,design,critical power",https://www.shine.com/jobs/srengineer-hardware-design-permanent/triphase-technologies-private-limited/11642727/
214,"for Sales Manager-Reputed Power Industry-Mumbai,",Seven Consultancy,3 to 5 Yrs,Not Available,Mumbai City,Graduation,Sales / BD,Recruitment Services,"sales,marketing,target,business development,due diligence,business growth",https://www.shine.com/jobs/jobs-for-sales-manager-reputed-power-industry-mumbai/seven-consultancy/11111599/
215,Lead Engineer Vehicle to Grid Charging,Eaton Technologies Pvt Ltd,3 to 8 Yrs,< Rs 50000 /Yr,Pune,Graduation,General / Other Software,Engineering / Construction,"java,c,customer relations,linux,automation,power systems",https://www.shine.com/jobs/lead-engineer-vehicle-to-grid-charging-permanent/eaton-technologies-pvt-ltd/11582387/
216,HR EXECUTIVE,RKD Construction,5 to 10 Yrs,Not Available,Bhubaneswar,Graduation,General / Other Software,Cement / Building Material,"leave management,top management,communication skills,petty cash,recruiting,following up",https://www.shine.com/jobs/hr-executive/rkd-construction/11288617/
217,Asst. Business Development Manager-,Seven Consultancy,0 to 2 Yrs,Not Available,Surat,Graduation,Sales / BD,Recruitment Services,"sales,marketing,business development,customer relations,target,due diligence",https://www.shine.com/jobs/asst-business-development-manager/seven-consultancy/10930255/
218,For System Modelling Enginee,Seven Consultancy,2 to 5 Yrs,Not Available,Bangalore,Graduation,General / Other Software,Recruitment Services,"multiple projects simultaneously,power plant,power system,energy systems,energy storage,storage systems",https://www.shine.com/jobs/jobs-for-system-modelling-enginee/seven-consultancy/10885354/
219,SoC Validation Interns,Intel Technology India Pvt Ltd,0 to 1 Yr,Not Available,Bangalore,Graduation,General / Other Software,IT - Software,"vlsi design,behavioral training,industrial automation,customer requirements,SoC Validation,Interns",https://www.shine.com/jobs/soc-validation-interns/intel-technology-india-pvt-ltd/10850660/
220,for Business Development Manager-Reputed Power,Seven Consultancy,4 to 8 Yrs,Not Available,Bangalore,Graduation,General / Other Software,Recruitment Services,"sales,marketing,business development,customer relations,target,due diligence",https://www.shine.com/jobs/jobs-for-business-development-manager-reputed-power/seven-consultancy/10840853/
221,"for Business Development Manager -Reputed Event Industry -Delhi, NCR, India -6LPA -Kajal",Seven Consultancy,3 Yrs,Not Available,Delhi,Graduation,Sales / BD,Recruitment Services,"sales,marketing,business development,customer relations,target,new business generation",https://www.shine.com/jobs/jobs-for-business-development-manager-reputed-event-industry-delhi-ncr-india-6lpa-kajal/seven-consultancy/10828067/
222,-Production Manager-Reputed Plastic Industry,Seven Consultancy,4 to 7 Yrs,Not Available,Bangalore,Graduation,Production,Recruitment Services,"quality control,production planning,iso,safety,quality,analytical ability",https://www.shine.com/jobs/jobs-production-manager-reputed-plastic-industry/seven-consultancy/10823132/
223,Business Development Manager-Reputed Power Industry,Seven Consultancy,7 to 10 Yrs,Not Available,Hyderabad,Graduation,Sales / BD,Recruitment Services,"sales,marketing,business development,customer relations,due diligence,business growth",https://www.shine.com/jobs/business-development-manager-reputed-power-industry/seven-consultancy/10822446/
224,For Power System Modelling Engineer,Seven Consultancy,3 to 6 Yrs,Not Available,Bangalore,Graduation,General / Other Software,Recruitment Services,"multiple projects simultaneously,power plant,power system,energy systems,energy storage,storage systems",https://www.shine.com/jobs/jobs-for-power-system-modelling-engineer/seven-consultancy/10821739/
225,Windchill Developer,SrinSoft Technologies,3 to 5 Yrs,Not Available,Bangalore,Graduation,General / Other Software,IT - Software,"design,windchill,integration,customization,application development,multithreading",https://www.shine.com/jobs/windchill-developer/srinsoft-technologies/10837653/
226,Urgent Hiring For Cnc Operator,KD Group of Industries,3 to 5 Yrs,Not Available,Other Haryana,Graduation,General / Operations Management,Manufacturing,"cnc,programming,machining,inspection,quality,continuous improvement facilitation",https://www.shine.com/jobs/urgent-hiring-for-cnc-operator/kd-group-of-industries/10020789/
227,MECHANICAL ENGINEERS,RKD Construction,5 to 10 Yrs,Not Available,Bhubaneswar,Graduation,Service / Installation / Repair,Cement / Building Material,"mechanical,inspection,safety,site,commissioning,data entry",https://www.shine.com/jobs/mechanical-engineers/rkd-construction/10649244/
228,SURVEYOR,RKD Construction,4 to 7 Yrs,Not Available,Bhubaneswar,Graduation,Engineering Design / Construction,Cement / Building Material,"store keeping,top management,market research,lead generation,civil engineers,site supervision",https://www.shine.com/jobs/surveyor/rkd-construction/10649231/
229,Design Engineer,NovusGreen,2 to 7 Yrs,Not Available,Delhi,Graduation,General / Other Software,Oil & Gas / Petroleum,"drawing,autocad,drafting,modeling,cad,continuous improvement facilitation",https://www.shine.com/jobs/design-engineer/novusgreen/10202781/
230,SITE SUPERVISOR,RKD Construction,5 to 10 Yrs,Not Available,Bhubaneswar,Graduation,Site Engineering / Project Management,Cement / Building Material,"supervision,drawing,site,leave management,store keeping,petty cash",https://www.shine.com/jobs/site-supervisor/rkd-construction/10193028/
231,Officer/Executive - E- Marketing,Amtech Electronics India Limited,1 to 3 Yrs,Not Available,Gandhinagar,Graduation,General / Other Software,Manufacturing,"front end,power quality,motion control,equipment supply,energy management,internet marketing",https://www.shine.com/jobs/officerexecutive-e-marketing/amtech-electronics-india-limited/10182463/
